join_key,commodity,hs_code,tier,date,year_month,actor1,actor1_country,actor2,actor2_country,event_code,event_label,goldstein_scale,num_mentions,avg_tone,location,source_url
2711_202105,Natural gas,2711,1,2021-05-17,2021-05,INDGOVBUS,OIL AND NATURAL GAS CORPORATION,,,138,,-7.0,10,-2.48138957816377,IN,79.25
7108_202105,Gold,7108,1,2021-05-14,2021-05,,,,,042,Appeal to impose sanctions,1.9,6,-2.09302325581396,SF,28.25
7108_202105,Gold,7108,1,2021-05-14,2021-05,,,,,043,,2.8,10,4.31965442764579,SF,28.25
7108_202105,Gold,7108,1,2021-05-14,2021-05,AFR,AFRICA,,,090,,-2.0,6,0,SF,27.7485
7108_202105,Gold,7108,1,2021-05-14,2021-05,AFR,AFRICA,,,042,Appeal to impose sanctions,1.9,6,-1.39534883720931,SF,28.25
7108_202105,Gold,7108,1,2021-05-14,2021-05,MNCZAFHLH,ANGLOGOLD ASHANTI,,,042,Appeal to impose sanctions,1.9,10,4.31965442764579,SF,28.25
7108_202105,Gold,7108,1,2021-05-14,2021-05,MNCZAFHLH,ANGLOGOLD ASHANTI,,,043,,2.8,6,-2.09302325581396,SF,28.25
7108_202105,Gold,7108,1,2021-05-14,2021-05,MNCZAFHLH,ANGLOGOLD ASHANTI,,,043,,2.8,6,-1.39534883720931,SF,28.25
7108_202105,Gold,7108,1,2021-05-14,2021-05,MNCZAFHLH,ANGLOGOLD ASHANTI,,,070,,7.0,10,0,SF,27.7485
7108_202105,Gold,7108,1,2021-05-17,2021-05,AUS,AUSTRALIA,,,120,,-4.0,8,4.24671385237614,AS,140.5
7108_202105,Gold,7108,1,2021-05-18,2021-05,GBR,UNITED KINGDOM,,,013,,0.4,10,4.08163265306122,UK,-4
7108_202105,Gold,7108,1,2021-05-19,2021-05,BUS,COMPANIES,,,071,,7.4,10,3.96270396270396,AE,54.3667
7108_202105,Gold,7108,1,2021-05-19,2021-05,CAN,CANADA,,,010,,0.0,8,0.85,CA,-121.917
7108_202105,Gold,7108,1,2021-05-19,2021-05,CAN,CANADA,,,050,,3.5,8,3.36,CA,-93.8333
7108_202105,Gold,7108,1,2021-05-19,2021-05,CAN,CANADA,,,084,,7.0,8,0.85,CA,-121.917
7108_202105,Gold,7108,1,2021-05-19,2021-05,NMR,NORTH AMERICA,,,141,,-6.5,2,3.36,CA,-93.8333
7108_202105,Gold,7108,1,2021-05-19,2021-05,NMR,NORTH AMERICA,,,141,,-6.5,2,3.36,CA,-93.8333
7108_202105,Gold,7108,1,2021-05-19,2021-05,NMR,NORTH AMERICA,,,141,,-6.5,2,3.36,CA,-93.8333
7108_202105,Gold,7108,1,2021-05-19,2021-05,USA,UNITED STATES,,,141,,-6.5,4,3.36,CA,-93.8333
7108_202105,Gold,7108,1,2021-05-20,2021-05,,,,,040,,1.0,2,4.18848167539267,US,-80.9684
7108_202105,Gold,7108,1,2021-05-20,2021-05,,,,,190,,-10.0,10,4.18848167539267,US,-80.9684
7108_202105,Gold,7108,1,2021-05-20,2021-05,,,,,046,,7.0,2,4.18848167539267,US,-80.9684
7108_202105,Gold,7108,1,2021-05-20,2021-05,,,,,040,,1.0,8,4.18848167539267,US,-80.9684
7108_202105,Gold,7108,1,2021-05-20,2021-05,BUS,COMPANY,,,030,,4.0,2,0.15048908954101,US,-117.23
7108_202105,Gold,7108,1,2021-05-20,2021-05,BUS,COMPANY,,,030,,4.0,1,0.15048908954101,US,-116.751
7108_202105,Gold,7108,1,2021-05-20,2021-05,BUS,COMPANY,,,030,,4.0,7,0.15048908954101,US,-117.23
7108_202105,Gold,7108,1,2021-05-20,2021-05,BUS,CHAMBER OF COMMERCE,,,040,,1.0,2,4.18848167539267,US,-80.9684
7108_202105,Gold,7108,1,2021-05-20,2021-05,BUS,COMPANY,,,110,,-2.0,5,0.15048908954101,US,-116.751
7108_202105,Gold,7108,1,2021-05-20,2021-05,CVL,COMMUNITY,,,010,,0.0,10,4.18848167539267,US,-80.9684
7108_202105,Gold,7108,1,2021-05-20,2021-05,CVL,TOURIST,,,013,,0.4,2,4.18848167539267,US,-80.9684
7108_202105,Gold,7108,1,2021-05-20,2021-05,CVL,TOURIST,,,013,,0.4,2,4.18848167539267,US,-83.6487
7108_202105,Gold,7108,1,2021-05-20,2021-05,GOV,FIREFIGHTER,,,190,,-10.0,10,4.18848167539267,US,-80.9684
7108_202105,Gold,7108,1,2021-05-20,2021-05,USA,UNITED STATES,,,010,,0.0,2,4.18848167539267,US,-80.9684
7108_202105,Gold,7108,1,2021-05-20,2021-05,USA,UNITED STATES,,,014,,0.0,8,4.18848167539267,US,-80.9684
7108_202105,Gold,7108,1,2021-05-20,2021-05,USA,UNITED STATES,,,046,,7.0,2,4.18848167539267,US,-80.9684
7108_202105,Gold,7108,1,2021-05-20,2021-05,USA,UNITED STATES,,,141,,-6.5,4,0.15048908954101,US,-116.751
7108_202105,Gold,7108,1,2021-05-20,2021-05,USA,NEVADA,,,141,,-6.5,1,0.15048908954101,US,-117.23
7108_202105,Gold,7108,1,2021-05-20,2021-05,USA,UNITED STATES,,,051,,3.4,4,4.18848167539267,US,-80.9684
7108_202105,Gold,7108,1,2021-05-20,2021-05,USA,UNITED STATES,,,141,,-6.5,1,0.15048908954101,US,-117.23
7108_202105,Gold,7108,1,2021-05-20,2021-05,USA,UNITED STATES,,,141,,-6.5,1,0.15048908954101,US,-117.23
7108_202105,Gold,7108,1,2021-05-20,2021-05,USA,UNITED STATES,,,013,,0.4,4,4.18848167539267,US,-80.9684
7108_202105,Gold,7108,1,2021-05-20,2021-05,USABUS,UNITED STATES,,,040,,1.0,8,4.18848167539267,US,-80.9684
7108_202105,Gold,7108,1,2021-05-21,2021-05,COL,COLOMBIA,,,173,Impose embargo,-5.0,5,0.15243902439025,,
7108_202105,Gold,7108,1,2021-05-24,2021-05,CHRCTH,ROMAN CATHOLIC,CHR,CTH,112,,-2.0,3,-3.65296803652968,UK,-0.116667
7108_202105,Gold,7108,1,2021-05-24,2021-05,CHRCTH,ROMAN CATHOLIC,CHR,CTH,112,,-2.0,2,-3.65296803652968,UK,-0.416667
7108_202105,Gold,7108,1,2021-05-24,2021-05,CHRCTH,ROMAN CATHOLIC,CHR,CTH,173,Impose embargo,-5.0,3,-3.65296803652968,UK,-0.116667
7108_202105,Gold,7108,1,2021-05-24,2021-05,CHRCTH,ROMAN CATHOLIC,CHR,CTH,173,Impose embargo,-5.0,2,-3.65296803652968,UK,-0.416667
7108_202105,Gold,7108,1,2021-05-24,2021-05,CODCOP,DEMOCRATIC REPUBLIC OF THE CONGO,,,010,,0.0,2,-5.82010582010582,CG,12.5149
7108_202105,Gold,7108,1,2021-05-24,2021-05,COP,DEPUTY,,,010,,0.0,4,-5.82010582010582,CG,12.5149
7108_202105,Gold,7108,1,2021-05-24,2021-05,GBR,BRITISH,,,186,,-10.0,3,-3.65296803652968,UK,-0.416667
7108_202105,Gold,7108,1,2021-05-24,2021-05,GBR,BRITISH,,,186,,-10.0,2,-3.65296803652968,UK,-0.416667
7108_202105,Gold,7108,1,2021-05-24,2021-05,sco,SCOTTISH,,,173,Impose embargo,-5.0,4,-3.65296803652968,UK,-0.083333
7108_202105,Gold,7108,1,2021-05-24,2021-05,sco,SCOTTISH,,,173,Impose embargo,-5.0,1,-3.65296803652968,UK,-0.416667
7108_202105,Gold,7108,1,2021-05-24,2021-05,sco,SCOTTISH,,,160,,-4.0,4,-3.65296803652968,UK,-0.083333
7108_202105,Gold,7108,1,2021-05-24,2021-05,sco,SCOTTISH,,,160,,-4.0,1,-3.65296803652968,UK,-0.416667
7108_202105,Gold,7108,1,2021-05-26,2021-05,AGR,FARMER,,,010,,0.0,8,3.1404958677686,EI,-8
7108_202105,Gold,7108,1,2021-05-26,2021-05,AGR,FARMER,,,070,,7.0,8,3.1404958677686,EI,-8
7108_202105,Gold,7108,1,2021-05-26,2021-05,EDU,PROFESSOR,,,138,,-7.0,6,3.1404958677686,EI,-8
7108_202105,Gold,7108,1,2021-05-26,2021-05,EDU,PROFESSOR,,,138,,-7.0,1,3.1404958677686,EI,-8
7108_202105,Gold,7108,1,2021-05-26,2021-05,EDU,PROFESSOR,,,138,,-7.0,1,3.1404958677686,US,-98.5795
7108_202105,Gold,7108,1,2021-05-26,2021-05,EDU,SCHOLAR,,,051,,3.4,6,3.1404958677686,US,-98.5795
7108_202105,Gold,7108,1,2021-05-26,2021-05,EDUEDU,ECONOMIST,,,036,,4.0,10,3.1404958677686,US,-98.5795
7108_202105,Gold,7108,1,2021-05-26,2021-05,EDUEDU,ECONOMIST,,,036,,4.0,4,3.1404958677686,US,-98.5795
7108_202105,Gold,7108,1,2021-05-26,2021-05,IRL,IRELAND,,,036,,4.0,2,3.1404958677686,EI,-8
7108_202105,Gold,7108,1,2021-05-26,2021-05,IRL,IRELAND,,,070,,7.0,2,3.1404958677686,EI,-8
7108_202105,Gold,7108,1,2021-05-26,2021-05,IRLAGR,IRELAND,,,010,,0.0,2,3.1404958677686,EI,-8
7108_202105,Gold,7108,1,2021-05-26,2021-05,IRLAGR,IRELAND,,,070,,7.0,2,3.1404958677686,EI,-8
7108_202105,Gold,7108,1,2021-05-26,2021-05,IRLEDU,IRELAND,,,138,,-7.0,1,3.1404958677686,EI,-8
7108_202105,Gold,7108,1,2021-05-26,2021-05,IRLEDU,IRELAND,,,138,,-7.0,1,3.1404958677686,US,-98.5795
7108_202105,Gold,7108,1,2021-05-26,2021-05,IRLEDU,IRELAND,,,051,,3.4,4,3.1404958677686,US,-98.5795
7108_202105,Gold,7108,1,2021-05-27,2021-05,CAN,CANADIAN,,,010,,0.0,3,-5.57065217391304,CA,-75.7
7108_202105,Gold,7108,1,2021-05-27,2021-05,CAN,CANADIAN,,,130,,-4.4,2,-5.57065217391304,CA,-75.7
7108_202105,Gold,7108,1,2021-05-27,2021-05,CANGOV,CANADIAN,,,130,,-4.4,3,-5.57065217391304,CA,-75.7
7108_202105,Gold,7108,1,2021-05-27,2021-05,CHN,CHINESE,,,112,,-2.0,5,-5.57065217391304,CA,-75.7
7108_202105,Gold,7108,1,2021-05-27,2021-05,SGP,SINGAPORE,,,036,,4.0,3,-5.57065217391304,CA,-75.7
7108_202105,Gold,7108,1,2021-05-27,2021-05,SGP,SINGAPORE,,,036,,4.0,1,-5.57065217391304,CA,-75.7
7108_202105,Gold,7108,1,2021-05-27,2021-05,SGP,SINGAPORE,,,036,,4.0,1,-5.57065217391304,HK,114.166667
7108_202105,Gold,7108,1,2021-05-27,2021-05,SGP,SINGAPORE,,,172,Impose embargo,-5.0,3,-5.57065217391304,CA,-75.7
7108_202105,Gold,7108,1,2021-05-27,2021-05,SGP,SINGAPORE,,,172,Impose embargo,-5.0,1,-5.57065217391304,CA,-75.7
7108_202105,Gold,7108,1,2021-05-27,2021-05,SGP,SINGAPORE,,,172,Impose embargo,-5.0,1,-5.57065217391304,HK,114.166667
7108_202105,Gold,7108,1,2021-05-27,2021-05,TWN,TAIWAN,,,036,,4.0,1,-5.57065217391304,HK,114.166667
7108_202105,Gold,7108,1,2021-05-27,2021-05,TWN,TAIWAN,,,036,,4.0,4,-5.57065217391304,CA,-75.7
7108_202105,Gold,7108,1,2021-05-27,2021-05,TWN,TAIWAN,,,172,Impose embargo,-5.0,1,-5.57065217391304,CA,-75.7
7108_202105,Gold,7108,1,2021-05-27,2021-05,TWN,TAIWAN,,,172,Impose embargo,-5.0,4,-5.57065217391304,CA,-79.4167
7108_202105,Gold,7108,1,2021-05-27,2021-05,TWN,TAIWAN,,,014,,0.0,5,-5.57065217391304,CA,-75.7
7108_202105,Gold,7108,1,2021-05-28,2021-05,BUS,BANK,,,045,,5.0,10,-4.81283422459893,,
7108_202105,Gold,7108,1,2021-05-28,2021-05,GOV,GOVERNMENT,,,036,,4.0,4,3.4340964658813,KE,34.7523
7108_202105,Gold,7108,1,2021-05-28,2021-05,KEN,KENYA,,,010,,0.0,15,3.80454915907238,KE,34.7523
7108_202105,Gold,7108,1,2021-05-28,2021-05,KEN,KENYA,,,036,,4.0,16,3.4340964658813,KE,34.7523
7108_202105,Gold,7108,1,2021-05-30,2021-05,,,,,112,,-2.0,1,-5.93342981186686,US,-114.223
7108_202105,Gold,7108,1,2021-05-30,2021-05,,,,,190,,-10.0,6,-5.93342981186686,US,-114.223
7108_202105,Gold,7108,1,2021-05-30,2021-05,,,,,190,,-10.0,2,-5.93342981186686,US,-114.017
7108_202106,Gold,7108,1,2021-06-01,2021-06,,,,,033,,5.2,4,2.86659316427784,CA,-121.917
7108_202106,Gold,7108,1,2021-06-01,2021-06,,,,,033,,5.2,6,2.86659316427784,CA,-121.917
7108_202106,Gold,7108,1,2021-06-01,2021-06,,,,,042,Appeal to impose sanctions,1.9,12,2.49307479224376,CO,-75.3078
7108_202106,Gold,7108,1,2021-06-01,2021-06,,,,,046,,7.0,6,1.14285714285714,JA,138
7108_202106,Gold,7108,1,2021-06-01,2021-06,BRA,BRAZIL,,,043,,2.8,4,2.49307479224376,CA,-123.133
7108_202106,Gold,7108,1,2021-06-01,2021-06,COL,COLOMBIA,,,043,,2.8,4,2.49307479224376,CA,-123.133
7108_202106,Gold,7108,1,2021-06-01,2021-06,COL,COLOMBIA,,,043,,2.8,4,2.49307479224376,CA,-123.133
7108_202106,Gold,7108,1,2021-06-01,2021-06,COL,COLOMBIA,,,043,,2.8,4,2.49307479224376,US,-98.5795
7108_202106,Gold,7108,1,2021-06-01,2021-06,COL,COLOMBIA,,,042,Appeal to impose sanctions,1.9,4,2.49307479224376,CO,-75.3078
7108_202106,Gold,7108,1,2021-06-01,2021-06,GHA,GHANA,,,016,,-2.0,2,-7.0460704607046,GH,-2
7108_202106,Gold,7108,1,2021-06-01,2021-06,GHA,GHANA,,,180,,-9.0,2,-7.0460704607046,GH,-2
7108_202106,Gold,7108,1,2021-06-01,2021-06,JPN,JAPAN,,,046,,7.0,2,1.14285714285714,JA,138
7108_202106,Gold,7108,1,2021-06-01,2021-06,JPN,JAPAN,,,046,,7.0,2,1.14285714285714,JA,138
7108_202106,Gold,7108,1,2021-06-01,2021-06,MNCUSA,GOLDMAN SACHS,,,046,,7.0,6,1.14285714285714,HK,114.166667
7108_202106,Gold,7108,1,2021-06-01,2021-06,MNCUSA,GOLDMAN SACHS,,,046,,7.0,2,1.14285714285714,JA,138
7108_202106,Gold,7108,1,2021-06-01,2021-06,MNCUSA,GOLDMAN SACHS,,,046,,7.0,2,1.14285714285714,JA,138
7108_202106,Gold,7108,1,2021-06-02,2021-06,BUS,COMPANY,,,084,,7.0,2,1.1865524060646,MX,-100.812
7108_202106,Gold,7108,1,2021-06-02,2021-06,BUS,COMPANY,,,084,,7.0,8,1.1865524060646,MX,-100.812
7108_202106,Gold,7108,1,2021-06-02,2021-06,MED,WEBSITE,,,173,Impose embargo,-5.0,10,-3.69068541300527,US,-76.7902
7108_202106,Gold,7108,1,2021-06-02,2021-06,MEX,MEXICO,,,085,,7.0,8,1.1865524060646,MX,-102.367
7108_202106,Gold,7108,1,2021-06-03,2021-06,,,,,042,Appeal to impose sanctions,1.9,6,0.89514066496163,CA,-76
7108_202106,Gold,7108,1,2021-06-03,2021-06,,,,,190,,-10.0,4,2.48112189859762,UK,-4
7108_202106,Gold,7108,1,2021-06-03,2021-06,,,,,190,,-10.0,16,2.48112189859762,RS,100
7108_202106,Gold,7108,1,2021-06-03,2021-06,BUS,CORPORATION,,,192,,-9.5,10,0.89514066496163,CA,-77.7667
7108_202106,Gold,7108,1,2021-06-03,2021-06,BUS,CORPORATION,,,035,,7.0,2,0.89514066496163,CA,-73.5833
7108_202106,Gold,7108,1,2021-06-03,2021-06,BUS,CORPORATION,,,035,,7.0,6,0.89514066496163,CA,-77.7667
7108_202106,Gold,7108,1,2021-06-03,2021-06,CAN,MONTREAL,,,035,,7.0,2,0.89514066496163,CA,-77.7667
7108_202106,Gold,7108,1,2021-06-03,2021-06,CAN,CANADA,,,043,,2.8,6,0.89514066496163,CA,-76
7108_202106,Gold,7108,1,2021-06-03,2021-06,GBR,UNITED KINGDOM,,,190,,-10.0,2,2.48112189859762,UK,-4
7108_202106,Gold,7108,1,2021-06-03,2021-06,GBR,UNITED KINGDOM,,,190,,-10.0,8,2.48112189859762,RS,100
7108_202106,Gold,7108,1,2021-06-03,2021-06,GOV,MONARCH,,,020,,3.0,5,0.89514066496163,CA,-77.7667
7108_202106,Gold,7108,1,2021-06-03,2021-06,GOV,MONARCH,,,120,,-4.0,5,0.89514066496163,CA,-77.7667
7108_202106,Gold,7108,1,2021-06-04,2021-06,GBRGOV,UNITED KINGDOM,,,100,,-5.0,10,1.31578947368421,ET,34.6
7108_202106,Gold,7108,1,2021-06-04,2021-06,HLH,HOSPITAL,,,060,,6.0,10,1.31578947368421,ET,34.6
7108_202106,Gold,7108,1,2021-06-06,2021-06,GBR,UNITED KINGDOM,,,013,,0.4,8,1.81086519114688,FR,-0.533333
7108_202106,Gold,7108,1,2021-06-06,2021-06,HLH,DOCTOR,,,020,,3.0,2,2.7027027027027,AE,55.28
7108_202106,Gold,7108,1,2021-06-06,2021-06,HLH,DOCTOR,,,020,,3.0,6,2.7027027027027,AE,55.28
7108_202106,Gold,7108,1,2021-06-06,2021-06,USA,UNITED STATES,,,020,,3.0,1,2.7027027027027,AE,55.28
7108_202106,Gold,7108,1,2021-06-06,2021-06,USA,UNITED STATES,,,020,,3.0,1,2.7027027027027,AE,55.28
7108_202106,Gold,7108,1,2021-06-07,2021-06,,,,,090,,-2.0,2,1.59420289855072,US,-122.419
7108_202106,Gold,7108,1,2021-06-07,2021-06,MNCUSA,GOLDMAN SACHS,,,071,,7.4,5,4.08921933085502,US,-74.9384
7108_202106,Gold,7108,1,2021-06-08,2021-06,BUS,COMPANY,,,010,,0.0,4,2.068345323741,CA,-79.4167
7108_202106,Gold,7108,1,2021-06-08,2021-06,BUS,COMPANY,,,010,,0.0,6,2.068345323741,US,-117.122
7108_202106,Gold,7108,1,2021-06-08,2021-06,BUS,COMPANY,,,036,,4.0,10,2.068345323741,CA,-79.4167
7108_202106,Gold,7108,1,2021-06-08,2021-06,BUS,COMPANY,,,040,,1.0,4,2.068345323741,US,-117.122
7108_202106,Gold,7108,1,2021-06-08,2021-06,BUS,COMPANY,,,040,,1.0,6,2.068345323741,US,-117.122
7108_202106,Gold,7108,1,2021-06-08,2021-06,MED,WEBSITE,,,040,,1.0,4,2.068345323741,US,-117.122
7108_202106,Gold,7108,1,2021-06-08,2021-06,MED,WEBSITE,,,040,,1.0,6,2.068345323741,US,-117.122
7108_202106,Gold,7108,1,2021-06-10,2021-06,,,,,042,Appeal to impose sanctions,1.9,2,1.52722443559097,GH,-2
7108_202106,Gold,7108,1,2021-06-10,2021-06,,,,,042,Appeal to impose sanctions,1.9,2,1.52722443559097,GH,-2
7108_202106,Gold,7108,1,2021-06-10,2021-06,AUS,AUSTRALIA,,,043,,2.8,2,1.52722443559097,GH,-2
7108_202106,Gold,7108,1,2021-06-10,2021-06,EDUHLH,UNIVERSITY,,,043,,2.8,2,1.52722443559097,GH,-2
7108_202106,Gold,7108,1,2021-06-10,2021-06,GHAEDU,GHANA,,,043,,2.8,6,1.52722443559097,GH,-2
7108_202106,Gold,7108,1,2021-06-10,2021-06,HLHEDU,HOSPITAL,,,042,Appeal to impose sanctions,1.9,6,1.52722443559097,GH,-2
7108_202106,Gold,7108,1,2021-06-11,2021-06,GOV,KING,,,022,,3.2,6,-2.23642172523962,US,-77.0364
7108_202106,Gold,7108,1,2021-06-11,2021-06,GOV,KING,,,042,Appeal to impose sanctions,1.9,6,-2.23642172523962,US,-122.48
7108_202106,Gold,7108,1,2021-06-11,2021-06,JUD,SUPREME COURT,,,043,,2.8,6,-2.23642172523962,US,-122.48
7108_202106,Gold,7108,1,2021-06-11,2021-06,USA,UNITED STATES,,,043,,2.8,2,-2.23642172523962,US,-119.746
7108_202106,Gold,7108,1,2021-06-11,2021-06,USAJUD,WASHINGTON,,,042,Appeal to impose sanctions,1.9,2,-2.23642172523962,US,-119.746
7108_202106,Gold,7108,1,2021-06-11,2021-06,USAJUD,WASHINGTON,,,022,,3.2,2,-2.23642172523962,US,-122.48
7403_202105,Copper,7403,1,2021-05-28,2021-05,CRM,SERIAL KILLER,,,090,,-2.0,8,-6.38297872340425,ZA,27
7403_202105,Copper,7403,1,2021-05-28,2021-05,ZMB,ZAMBIA,,,090,,-2.0,2,-6.38297872340425,ZA,27
7403_202106,Copper,7403,1,2021-06-04,2021-06,GBRGOV,UNITED KINGDOM,,,100,,-5.0,10,1.31578947368421,ET,34.6
7403_202106,Copper,7403,1,2021-06-04,2021-06,HLH,HOSPITAL,,,060,,6.0,10,1.31578947368421,ET,34.6
1001_202106,Wheat,1001,1,2021-06-01,2021-06,POL,WARSAW,,,090,,-2.0,1,1.03305785123967,PL,21
1001_202106,Wheat,1001,1,2021-06-01,2021-06,POL,POLAND,,,090,,-2.0,2,1.03305785123967,US,-78.2057
1001_202106,Wheat,1001,1,2021-06-01,2021-06,USA,UNITED STATES,,,020,,3.0,4,1.03305785123967,US,-78.2057
1001_202106,Wheat,1001,1,2021-06-01,2021-06,USA,VIRGINIA,,,090,,-2.0,1,1.03305785123967,PL,21
1001_202106,Wheat,1001,1,2021-06-01,2021-06,USA,VIRGINIA,,,090,,-2.0,1,1.03305785123967,US,-78.2057
2701_202105,Coal,2701,1,2021-05-20,2021-05,,,,,051,,3.4,10,0.89766606822262,SF,28.0833
2701_202105,Coal,2701,1,2021-05-20,2021-05,AFR,AFRICA,,,120,,-4.0,4,0.89766606822262,SF,28.0833
2701_202105,Coal,2701,1,2021-05-20,2021-05,GOV,MAYOR,,,013,,0.4,4,0.89766606822262,SF,28.1135
2701_202105,Coal,2701,1,2021-05-20,2021-05,GOV,MAYOR,,,013,,0.4,1,0.89766606822262,SF,28.0833
2701_202105,Coal,2701,1,2021-05-20,2021-05,GOV,MAYOR,,,013,,0.4,3,0.89766606822262,SF,28.1135
2701_202105,Coal,2701,1,2021-05-21,2021-05,CHN,CHINA,,,020,,3.0,5,-1.13960113960114,CH,121.458
2701_202105,Coal,2701,1,2021-05-18,2021-05,POL,POLAND,,,100,,-5.0,5,-1.97802197802198,EZ,14.4667
2701_202105,Coal,2701,1,2021-05-25,2021-05,,,,,040,,1.0,2,-1.97802197802198,EZ,14.4667
2701_202105,Coal,2701,1,2021-05-25,2021-05,AFR,AFRICA,,,020,,3.0,10,-3.88768898488121,MZ,40.6328
2701_202105,Coal,2701,1,2021-05-25,2021-05,AFR,AFRICA,,,046,,7.0,10,-3.88768898488121,ZI,29
2701_202105,Coal,2701,1,2021-05-25,2021-05,BEL,BRUSSELS,,,040,,1.0,2,-1.97802197802198,EZ,14.4667
2701_202105,Coal,2701,1,2021-05-25,2021-05,ZWE,ZIMBABWE,,,046,,7.0,10,-3.88768898488121,ZI,29
2701_202105,Coal,2701,1,2021-05-25,2021-05,ZWE,ZIMBABWE,,,051,,3.4,10,-3.88768898488121,ZI,29
2701_202105,Coal,2701,1,2021-05-26,2021-05,GOV,MINISTRY,,,150,,-7.2,10,-0.59171597633136,IN,77.2
2701_202105,Coal,2701,1,2021-05-28,2021-05,CHE,SWISS,,,010,,0.0,2,-2.17292892711634,CH,116.274
2701_202105,Coal,2701,1,2021-05-28,2021-05,CHEBUS,SWISS,,,010,,0.0,5,-2.17292892711634,CH,116.274
2701_202105,Coal,2701,1,2021-05-28,2021-05,CHN,XINJIANG,,,0332,,5.2,7,-2.17292892711634,CH,116.274
2701_202105,Coal,2701,1,2021-05-28,2021-05,DEU,GERMAN,,,090,,-2.0,10,-2.17292892711634,GM,13.4
2701_202105,Coal,2701,1,2021-05-28,2021-05,EUR,EUROPE,,,120,,-4.0,6,-2.17292892711634,US,-77.0262
2701_202105,Coal,2701,1,2021-05-28,2021-05,EUR,EUROPE,,,120,,-4.0,4,-2.17292892711634,US,-77.0262
2701_202105,Coal,2701,1,2021-05-28,2021-05,EUR,EUROPEAN,,,090,,-2.0,10,-2.17292892711634,UK,-4
2701_202105,Coal,2701,1,2021-05-28,2021-05,EUR,EUROPEAN,,,128,,-5.0,10,-2.17292892711634,UK,-4
2701_202105,Coal,2701,1,2021-05-28,2021-05,EUR,EUROPE,,,120,,-4.0,10,-2.17292892711634,US,-77.0262
2701_202105,Coal,2701,1,2021-05-28,2021-05,EURGOV,EUROPEAN,,,010,,0.0,3,-2.17292892711634,CH,116.274
2701_202105,Coal,2701,1,2021-05-28,2021-05,EURGOV,EUROPEAN,,,010,,0.0,7,-2.17292892711634,SZ,8
2701_202105,Coal,2701,1,2021-05-28,2021-05,EURGOV,EUROPEAN,,,020,,3.0,10,-2.17292892711634,US,-77.0262
2701_202105,Coal,2701,1,2021-05-28,2021-05,HRI,RIGHTS GROUP,,,110,,-2.0,5,-2.17292892711634,UK,-4
2701_202105,Coal,2701,1,2021-05-28,2021-05,IGOEUREEC,EUROPEAN COMMISSION,,,090,,-2.0,10,-2.17292892711634,GM,13.4
2701_202105,Coal,2701,1,2021-05-29,2021-05,USA,THE US,,,163,,-8.0,6,-4.50928381962865,SA,46.7728
2701_202105,Coal,2701,1,2021-05-29,2021-05,USA,THE US,,,163,,-8.0,4,-4.50928381962865,YM,44.2067
2701_202105,Coal,2701,1,2021-05-29,2021-05,YEM,YEMEN,,,190,,-10.0,5,-4.50928381962865,YM,45.3253
2701_202106,Coal,2701,1,2021-06-01,2021-06,BUS,INDUSTRY,,,071,,7.4,10,1.88933873144399,EZ,15
2701_202106,Coal,2701,1,2021-06-01,2021-06,CZE,CZECH REPUBLIC,,,070,,7.0,4,1.88933873144399,EZ,15
2701_202106,Coal,2701,1,2021-06-01,2021-06,EDU,UNIVERSITY,,,070,,7.0,6,1.88933873144399,EZ,15
2701_202106,Coal,2701,1,2021-06-03,2021-06,CRM,CRIMINAL,,,120,,-4.0,12,-0.246913580246909,IS,34.7667
2701_202106,Coal,2701,1,2021-06-03,2021-06,CRM,CRIMINAL,,,112,,-2.0,12,-0.246913580246909,IS,34.7667
2701_202106,Coal,2701,1,2021-06-03,2021-06,FRAMED,AGENCE FRANCE PRESS,,,141,,-6.5,5,-1.95381882770871,IS,34.7667
2701_202106,Coal,2701,1,2021-06-03,2021-06,GOV,GOVERNMENT,,,0833,,5.0,3,-1.95381882770871,IS,34.7667
2701_202106,Coal,2701,1,2021-06-03,2021-06,GOV,PRIME MINISTER,,,120,,-4.0,8,-0.246913580246909,IS,34.7667
2701_202106,Coal,2701,1,2021-06-03,2021-06,GOV,PRIME MINISTER,,,050,,3.5,4,-0.246913580246909,IS,34.7667
2701_202106,Coal,2701,1,2021-06-03,2021-06,GOV,PRIME MINISTER,,,112,,-2.0,8,-0.246913580246909,IS,34.7667
2701_202106,Coal,2701,1,2021-06-03,2021-06,GOV,PRIME MINISTER,,,141,,-6.5,10,-1.95381882770871,IS,34.7667
2701_202106,Coal,2701,1,2021-06-03,2021-06,GOV,PRIME MINISTER,,,050,,3.5,12,-0.246913580246909,IS,34.7667
2701_202106,Coal,2701,1,2021-06-03,2021-06,ISR,ISRAEL,,,0833,,5.0,2,-1.95381882770871,IS,34.7667
2701_202106,Coal,2701,1,2021-06-03,2021-06,ISR,ISRAELI,,,050,,3.5,4,-0.246913580246909,IS,34.7667
2701_202106,Coal,2701,1,2021-06-03,2021-06,ISR,ISRAEL,,,141,,-6.5,2,-1.95381882770871,IS,34.7667
2701_202106,Coal,2701,1,2021-06-03,2021-06,ISR,ISRAELI,,,050,,3.5,4,-0.246913580246909,IS,34.7667
2701_202106,Coal,2701,1,2021-06-03,2021-06,ISRGOV,ISRAEL,,,050,,3.5,4,-0.246913580246909,IS,34.7667
2701_202106,Coal,2701,1,2021-06-03,2021-06,ISRGOV,ISRAEL,,,141,,-6.5,1,-1.95381882770871,IS,34.7667
2701_202106,Coal,2701,1,2021-06-03,2021-06,ISRPTY,ISRAELI,,,050,,3.5,12,-0.246913580246909,IS,34.7667
2701_202106,Coal,2701,1,2021-06-09,2021-06,,,,,051,,3.4,2,1.0204081632653,US,-77.0364
2701_202106,Coal,2701,1,2021-06-09,2021-06,,,,,040,,1.0,3,1.02040816326531,NI,7.53333
2701_202106,Coal,2701,1,2021-06-09,2021-06,,,,,042,Appeal to impose sanctions,1.9,3,1.02040816326531,NI,7.53333
2701_202106,Coal,2701,1,2021-06-09,2021-06,ISR,ISRAEL,,,010,,0.0,4,1.0204081632653,IS,34.3333
2701_202106,Coal,2701,1,2021-06-09,2021-06,ISR,ISRAEL,,,051,,3.4,8,1.0204081632653,IS,34.3333
2701_202106,Coal,2701,1,2021-06-09,2021-06,ISR,ISRAEL,,,051,,3.4,2,1.0204081632653,ID,120
2701_202106,Coal,2701,1,2021-06-09,2021-06,ISRLEG,ISRAEL,,,020,,3.0,2,1.0204081632653,IS,34.3333
2701_202106,Coal,2701,1,2021-06-09,2021-06,LEG,SENATOR,,,020,,3.0,8,1.0204081632653,IS,34.3333
2701_202106,Coal,2701,1,2021-06-09,2021-06,NGA,ABUJA,,,040,,1.0,7,1.02040816326531,NI,7.53333
2701_202106,Coal,2701,1,2021-06-09,2021-06,NGA,ABUJA,,,042,Appeal to impose sanctions,1.9,7,1.02040816326531,NI,7.53333
2701_202106,Coal,2701,1,2021-06-09,2021-06,PTY,PRESIDENTIAL CANDIDATE,,,040,,1.0,3,1.02040816326531,NI,7.53333
2701_202106,Coal,2701,1,2021-06-09,2021-06,PTY,PRESIDENTIAL CANDIDATE,,,043,,2.8,3,1.02040816326531,NI,7.53333
2701_202106,Coal,2701,1,2021-06-09,2021-06,PTY,PRESIDENTIAL CANDIDATE,,,040,,1.0,7,1.02040816326531,NI,7.53333
2701_202106,Coal,2701,1,2021-06-09,2021-06,PTY,PRESIDENTIAL CANDIDATE,,,043,,2.8,7,1.02040816326531,NI,7.53333
2701_202106,Coal,2701,1,2021-06-09,2021-06,USA,WASHINGTON,,,051,,3.4,8,1.0204081632653,US,-77.0364
2701_202106,Coal,2701,1,2021-06-09,2021-06,USA,WASHINGTON,,,051,,3.4,2,1.0204081632653,ID,120
2701_202106,Coal,2701,1,2021-06-10,2021-06,POL,POLISH,,,010,,0.0,1,-2.28928199791884,CA,-79.4167
2701_202106,Coal,2701,1,2021-06-10,2021-06,POL,POLISH,,,010,,0.0,1,-2.28928199791884,CA,-79.4167
2701_202106,Coal,2701,1,2021-06-10,2021-06,POL,POLISH,,,010,,0.0,1,-2.28928199791884,CA,-79.4167
2701_202106,Coal,2701,1,2021-06-10,2021-06,POL,POLISH,,,010,,0.0,1,-2.28928199791884,CA,-79.4167
2701_202106,Coal,2701,1,2021-06-10,2021-06,POLCVL,POLISH,,,010,,0.0,3,-2.28928199791884,CA,-79.4167
2701_202106,Coal,2701,1,2021-06-11,2021-06,CAN,CANADA,,,020,,3.0,4,-4.8689138576779,CA,-112.617
2701_202106,Coal,2701,1,2021-06-11,2021-06,CAN,CANADA,,,128,,-5.0,4,-4.8689138576779,CA,-112.617
2701_202106,Coal,2701,1,2021-06-11,2021-06,CVL,COMMUNITY,,,020,,3.0,2,-4.8689138576779,CA,-112.617
2701_202106,Coal,2701,1,2021-06-11,2021-06,PHL,PHILIPPINE,,,030,,4.0,7,-1.58730158730159,RP,125.613
2701_202106,Coal,2701,1,2021-06-12,2021-06,NGO,NON GOVERNMENTAL ORGANISATION,,,020,,3.0,5,-3.50515463917526,NI,8
7601_202106,Aluminum,7601,1,2021-06-04,2021-06,BUS,BUSINESS,,,070,,7.0,10,7.32984293193717,CA,-75.7
5201_202105,Cotton,5201,1,2021-05-30,2021-05,CHNCVL,CHINA,,,020,,3.0,2,-3.73360242179617,CH,114.267
5201_202105,Cotton,5201,1,2021-05-30,2021-05,CVL,SCIENTIST,,,020,,3.0,2,-3.73360242179617,US,-77.0364
5201_202105,Cotton,5201,1,2021-05-30,2021-05,CVL,SCIENTIST,,,020,,3.0,4,-3.73360242179617,US,-77.0364
5201_202106,Cotton,5201,1,2021-06-03,2021-06,NGA,ABUJA,,,040,,1.0,10,3.76175548589342,NI,7.53333
5201_202106,Cotton,5201,1,2021-06-03,2021-06,NGAGOVBUS,NIGERIA,,,040,,1.0,10,3.76175548589342,NI,7.53333
0901_202105,Coffee,0901,1,2021-05-17,2021-05,,,,,062,,7.4,5,0,UK,-4
0901_202105,Coffee,0901,1,2021-05-17,2021-05,MNCUSA,COCA COLA,,,062,,7.4,5,0,UK,-4
0901_202105,Coffee,0901,1,2021-05-18,2021-05,CAN,CANADA,,,010,,0.0,2,-4.51977401129943,CA,-79.2333
0901_202105,Coffee,0901,1,2021-05-18,2021-05,CAN,CANADA,,,014,,0.0,2,-4.51977401129943,CA,-79.2333
0901_202105,Coffee,0901,1,2021-05-18,2021-05,CAN,TORONTO,,,055,,7.0,3,-4.51977401129943,CA,-79.2333
0901_202105,Coffee,0901,1,2021-05-18,2021-05,CAN,TORONTO,,,055,,7.0,7,-4.51977401129943,CA,-79.4167
0901_202105,Coffee,0901,1,2021-05-18,2021-05,MNCCAN,TIM HORTONS,,,012,,-0.4,2,-4.51977401129943,CA,-79.2333
0901_202105,Coffee,0901,1,2021-05-18,2021-05,MNCCAN,TIM HORTONS,,,012,,-0.4,8,-4.51977401129943,CA,-79.4167
0901_202105,Coffee,0901,1,2021-05-18,2021-05,MNCCAN,TIM HORTONS,,,014,,0.0,3,-4.51977401129943,CA,-79.4167
0901_202105,Coffee,0901,1,2021-05-19,2021-05,BUSLEG,COMPANY,,,010,,0.0,5,1.83299389002037,US,-84.5819
0901_202105,Coffee,0901,1,2021-05-19,2021-05,CUB,CUBA,,,051,,3.4,2,1.83299389002037,US,-84.5819
0901_202105,Coffee,0901,1,2021-05-19,2021-05,CUB,CUBA,,,051,,3.4,1,1.83299389002037,JO,36
0901_202105,Coffee,0901,1,2021-05-19,2021-05,FRA,FRANCE,,,0874,,10.0,2,-0.28985507246377,FR,2
0901_202105,Coffee,0901,1,2021-05-19,2021-05,LEG,CONGRESSWOMAN,,,111,,-2.0,8,-7.66283524904215,CH,116.388
0901_202105,Coffee,0901,1,2021-05-19,2021-05,LEG,CONGRESSWOMAN,,,190,,-10.0,4,-7.66283524904215,IS,34.3333
0901_202105,Coffee,0901,1,2021-05-19,2021-05,LEG,CONGRESSWOMAN,,,190,,-10.0,4,-7.66283524904215,IS,34.3333
0901_202105,Coffee,0901,1,2021-05-19,2021-05,MEX,MEXICO,,,193,,-10.0,5,-7.66283524904215,MX,-102
0901_202105,Coffee,0901,1,2021-05-19,2021-05,PTY,DEMOCRATIC PARTY,,,020,,3.0,10,-7.66283524904215,IS,34.3333
0901_202105,Coffee,0901,1,2021-05-19,2021-05,PTY,DEMOCRATIC PARTY,,,1246,,-4.0,10,-7.66283524904215,IS,34.3333
0901_202105,Coffee,0901,1,2021-05-19,2021-05,USALEG,UNITED STATES,,,111,,-2.0,2,-7.66283524904215,CH,116.388
0901_202105,Coffee,0901,1,2021-05-19,2021-05,USALEG,UNITED STATES,,,190,,-10.0,2,-7.66283524904215,IS,34.3333
0901_202105,Coffee,0901,1,2021-05-20,2021-05,BUS,BUSINESS,,,020,,3.0,4,2.88065843621399,US,-81.319
0901_202105,Coffee,0901,1,2021-05-20,2021-05,BUS,BUSINESS,,,020,,3.0,6,2.88065843621399,US,-81.717
0901_202105,Coffee,0901,1,2021-05-20,2021-05,USA,UNITED STATES,,,010,,0.0,5,2.88065843621399,US,-81.3792
0901_202105,Coffee,0901,1,2021-05-20,2021-05,USA,UNITED STATES,,,013,,0.4,2,2.88065843621399,US,-81.3792
0901_202105,Coffee,0901,1,2021-05-20,2021-05,USA,UNITED STATES,,,051,,3.4,4,2.88065843621399,US,-81.319
0901_202105,Coffee,0901,1,2021-05-20,2021-05,USA,UNITED STATES,,,172,Impose embargo,-5.0,2,2.88065843621399,US,-81.3792
0901_202105,Coffee,0901,1,2021-05-26,2021-05,LAB,WORKER,,,1721,,-5.0,5,-7.91666666666667,,
0901_202106,Coffee,0901,1,2021-06-07,2021-06,LAB,WORKER,,,172,Impose embargo,-5.0,1,-1.53061224489796,US,-81.717
0901_202106,Coffee,0901,1,2021-06-07,2021-06,LAB,WORKER,,,172,Impose embargo,-5.0,1,-1.53061224489796,US,-81.717
0901_202106,Coffee,0901,1,2021-06-07,2021-06,LAB,WORKER,,,172,Impose embargo,-5.0,1,-1.53061224489796,US,-89.0022
0901_202106,Coffee,0901,1,2021-06-07,2021-06,USA,ILLINOIS,,,010,,0.0,1,-1.53061224489796,US,-81.717
0901_202106,Coffee,0901,1,2021-06-07,2021-06,USA,UNITED STATES,,,172,Impose embargo,-5.0,1,-1.53061224489796,US,-81.717
0901_202106,Coffee,0901,1,2021-06-07,2021-06,USA,UNITED STATES,,,172,Impose embargo,-5.0,1,-1.53061224489796,US,-89.0022
